policy,seed,episode,total_steps,reward,epsilon,loss,duration_sec
DQN,42,1,90,120610.00,0.9975,0.000000,0.0007
DQN,42,2,180,172257.50,0.9950,0.000000,0.0004
DQN,42,3,270,98075.00,0.9926,0.000000,0.0006
DQN,42,4,360,148007.50,0.9901,0.000000,0.0007
DQN,42,5,450,80010.00,0.9876,0.000000,0.0005
DQN,42,6,540,156997.50,0.9851,3.638415,0.0084
DQN,42,7,630,164490.00,0.9827,2.196545,0.0164
DQN,42,8,720,113867.50,0.9802,1.521785,0.0127
DQN,42,9,810,31767.50,0.9777,1.464649,0.0129
DQN,42,10,900,67885.00,0.9752,1.425363,0.0131
DQN,42,11,990,136607.50,0.9728,1.381643,0.0131
DQN,42,12,1080,99615.00,0.9703,2.893828,0.0129
DQN,42,13,1170,133750.00,0.9678,1.417617,0.0140
DQN,42,14,1260,158012.50,0.9654,1.355223,0.0140
DQN,42,15,1350,128682.50,0.9629,1.298266,0.0123
DQN,42,16,1440,145562.50,0.9604,1.290325,0.0148
DQN,42,17,1530,123882.50,0.9579,2.080940,0.0133
DQN,42,18,1620,147590.00,0.9555,1.564389,0.0138
DQN,42,19,1710,174225.00,0.9530,1.435221,0.0134
DQN,42,20,1800,114140.00,0.9505,1.406138,0.0121
DQN,42,21,1890,115715.00,0.9480,1.375785,0.0127
DQN,42,22,1980,109095.00,0.9456,1.383249,0.0128
DQN,42,23,2070,139177.50,0.9431,2.004399,0.0133
DQN,42,24,2160,189742.50,0.9406,1.450915,0.0134
DQN,42,25,2250,190460.00,0.9381,1.405503,0.0122
DQN,42,26,2340,117365.00,0.9356,1.374393,0.0128
DQN,42,27,2430,152932.50,0.9332,1.391349,0.0136
DQN,42,28,2520,182560.00,0.9307,1.849345,0.0130
DQN,42,29,2610,108715.00,0.9282,1.545028,0.0118
DQN,42,30,2700,99607.50,0.9257,1.347137,0.0132
DQN,42,31,2790,93447.50,0.9233,1.344249,0.0135
DQN,42,32,2880,171750.00,0.9208,1.299272,0.0136
DQN,42,33,2970,161265.00,0.9183,1.314969,0.0152
DQN,42,34,3060,128722.50,0.9159,1.860129,0.0128
DQN,42,35,3150,136130.00,0.9134,1.358394,0.0125
DQN,42,36,3240,113555.00,0.9109,1.312248,0.0136
DQN,42,37,3330,151995.00,0.9084,1.316516,0.0143
DQN,42,38,3420,114640.00,0.9060,1.303463,0.0138
DQN,42,39,3510,111650.00,0.9035,1.640203,0.0129
DQN,42,40,3600,133165.00,0.9010,1.486421,0.0122
DQN,42,41,3690,149457.50,0.8985,1.340068,0.0139
DQN,42,42,3780,147852.50,0.8961,1.322805,0.0145
DQN,42,43,3870,123197.50,0.8936,1.345613,0.0137
DQN,42,44,3960,159745.00,0.8911,1.359453,0.0130
DQN,42,45,4050,109797.50,0.8886,1.696953,0.0124
DQN,42,46,4140,145347.50,0.8861,1.305741,0.0133
DQN,42,47,4230,120515.00,0.8837,1.331973,0.0151
DQN,42,48,4320,172225.00,0.8812,1.355976,0.0147
DQN,42,49,4410,54815.00,0.8787,1.310882,0.0131
DQN,42,50,4500,159860.00,0.8762,1.403343,0.0131
DQN,123,1,90,181277.50,0.9975,0.000000,0.0004
DQN,123,2,180,166555.00,0.9950,0.000000,0.0004
DQN,123,3,270,97707.50,0.9926,0.000000,0.0004
DQN,123,4,360,131260.00,0.9901,0.000000,0.0004
DQN,123,5,450,88877.50,0.9876,0.000000,0.0004
DQN,123,6,540,132272.50,0.9851,3.311307,0.0057
DQN,123,7,630,124285.00,0.9827,2.499194,0.0148
DQN,123,8,720,160320.00,0.9802,1.890113,0.0128
DQN,123,9,810,136300.00,0.9777,1.491296,0.0127
DQN,123,10,900,155805.00,0.9752,1.508115,0.0125
DQN,123,11,990,206880.00,0.9728,1.469542,0.0145
DQN,123,12,1080,165520.00,0.9703,2.838586,0.0141
DQN,123,13,1170,155790.00,0.9678,1.484558,0.0123
DQN,123,14,1260,133847.50,0.9654,1.387521,0.0121
DQN,123,15,1350,34872.50,0.9629,1.384073,0.0122
DQN,123,16,1440,187822.50,0.9604,1.370521,0.0127
DQN,123,17,1530,198560.00,0.9579,2.184635,0.0130
DQN,123,18,1620,54575.00,0.9555,1.586712,0.0137
DQN,123,19,1710,143925.00,0.9530,1.435565,0.0120
DQN,123,20,1800,95190.00,0.9505,1.400495,0.0128
DQN,123,21,1890,66230.00,0.9480,1.442462,0.0127
DQN,123,22,1980,164242.50,0.9456,1.460894,0.0148
DQN,123,23,2070,150785.00,0.9431,2.214799,0.0138
DQN,123,24,2160,128190.00,0.9406,1.615365,0.0122
DQN,123,25,2250,182490.00,0.9381,1.497609,0.0127
DQN,123,26,2340,121382.50,0.9356,1.491015,0.0132
DQN,123,27,2430,99085.00,0.9332,1.505312,0.0142
DQN,123,28,2520,129340.00,0.9307,1.931091,0.0147
DQN,123,29,2610,194260.00,0.9282,1.731236,0.0150
DQN,123,30,2700,85782.50,0.9257,1.562763,0.0126
DQN,123,31,2790,144030.00,0.9233,1.511216,0.0151
DQN,123,32,2880,162030.00,0.9208,1.515021,0.0137
DQN,123,33,2970,202490.00,0.9183,1.536261,0.0147
DQN,123,34,3060,132730.00,0.9159,2.018633,0.0139
DQN,123,35,3150,197712.50,0.9134,1.669254,0.0129
DQN,123,36,3240,156912.50,0.9109,1.673762,0.0123
DQN,123,37,3330,110062.50,0.9084,1.611283,0.0136
DQN,123,38,3420,123415.00,0.9060,1.618775,0.0147
DQN,123,39,3510,118772.50,0.9035,1.883240,0.0123
DQN,123,40,3600,159007.50,0.9010,1.889829,0.0120
DQN,123,41,3690,130395.00,0.8985,1.726352,0.0121
DQN,123,42,3780,84692.50,0.8961,1.684549,0.0138
DQN,123,43,3870,115285.00,0.8936,1.734591,0.0144
DQN,123,44,3960,135587.50,0.8911,1.720992,0.0130
DQN,123,45,4050,164795.00,0.8886,2.087166,0.0128
DQN,123,46,4140,102722.50,0.8861,1.803848,0.0124
DQN,123,47,4230,156312.50,0.8837,1.797635,0.0133
DQN,123,48,4320,64655.00,0.8812,1.767495,0.0137
DQN,123,49,4410,167795.00,0.8787,1.724058,0.0143
DQN,123,50,4500,114055.00,0.8762,1.795050,0.0139
DQN,456,1,90,109257.50,0.9975,0.000000,0.0006
DQN,456,2,180,141885.00,0.9950,0.000000,0.0005
DQN,456,3,270,113892.50,0.9926,0.000000,0.0005
DQN,456,4,360,94067.50,0.9901,0.000000,0.0004
DQN,456,5,450,109760.00,0.9876,0.000000,0.0004
DQN,456,6,540,122460.00,0.9851,3.333268,0.0057
DQN,456,7,630,78872.50,0.9827,2.099419,0.0149
DQN,456,8,720,105830.00,0.9802,1.463356,0.0128
DQN,456,9,810,102612.50,0.9777,1.486944,0.0134
DQN,456,10,900,97242.50,0.9752,1.420317,0.0117
DQN,456,11,990,106592.50,0.9728,1.389869,0.0124
DQN,456,12,1080,87947.50,0.9703,2.867836,0.0134
DQN,456,13,1170,18537.50,0.9678,1.392585,0.0127
DQN,456,14,1260,151970.00,0.9654,1.388770,0.0137
DQN,456,15,1350,189560.00,0.9629,1.401926,0.0121
DQN,456,16,1440,150087.50,0.9604,1.341214,0.0144
DQN,456,17,1530,100390.00,0.9579,2.245357,0.0153
DQN,456,18,1620,98020.00,0.9555,1.628610,0.0130
DQN,456,19,1710,125970.00,0.9530,1.472871,0.0129
DQN,456,20,1800,138237.50,0.9505,1.412993,0.0138
DQN,456,21,1890,198237.50,0.9480,1.411775,0.0125
DQN,456,22,1980,120390.00,0.9456,1.401896,0.0213
DQN,456,23,2070,124210.00,0.9431,2.254461,0.0133
DQN,456,24,2160,87407.50,0.9406,1.502941,0.0129
DQN,456,25,2250,124272.50,0.9381,1.412224,0.0131
DQN,456,26,2340,160682.50,0.9356,1.360817,0.0147
DQN,456,27,2430,98947.50,0.9332,1.352172,0.0165
DQN,456,28,2520,151432.50,0.9307,1.879392,0.0136
DQN,456,29,2610,113885.00,0.9282,1.582915,0.0126
DQN,456,30,2700,134367.50,0.9257,1.403873,0.0130
DQN,456,31,2790,166550.00,0.9233,1.363419,0.0127
DQN,456,32,2880,162497.50,0.9208,1.396443,0.0133
DQN,456,33,2970,162800.00,0.9183,1.412421,0.0137
DQN,456,34,3060,185577.50,0.9159,1.898931,0.0124
DQN,456,35,3150,97722.50,0.9134,1.445142,0.0135
DQN,456,36,3240,155545.00,0.9109,1.433148,0.0136
DQN,456,37,3330,149570.00,0.9084,1.477789,0.0146
DQN,456,38,3420,131772.50,0.9060,1.472343,0.0142
DQN,456,39,3510,133742.50,0.9035,1.767355,0.0130
DQN,456,40,3600,150022.50,0.9010,1.620843,0.0122
DQN,456,41,3690,189455.00,0.8985,1.504145,0.0139
DQN,456,42,3780,128995.00,0.8961,1.548564,0.0133
DQN,456,43,3870,154455.00,0.8936,1.546080,0.0139
DQN,456,44,3960,108667.50,0.8911,1.533816,0.0132
DQN,456,45,4050,131737.50,0.8886,1.861323,0.0122
DQN,456,46,4140,161637.50,0.8861,1.511803,0.0139
DQN,456,47,4230,189430.00,0.8837,1.541273,0.0148
DQN,456,48,4320,68612.50,0.8812,1.606371,0.0133
DQN,456,49,4410,167215.00,0.8787,1.533414,0.0139
DQN,456,50,4500,137572.50,0.8762,1.559347,0.0141
DQN,789,1,90,50575.00,0.9975,0.000000,0.0004
DQN,789,2,180,131412.50,0.9950,0.000000,0.0004
DQN,789,3,270,120392.50,0.9926,0.000000,0.0004
DQN,789,4,360,137680.00,0.9901,0.000000,0.0004
DQN,789,5,450,120840.00,0.9876,0.000000,0.0004
DQN,789,6,540,195545.00,0.9851,4.042462,0.0058
DQN,789,7,630,122290.00,0.9827,2.772547,0.0152
DQN,789,8,720,78725.00,0.9802,1.860422,0.0126
DQN,789,9,810,171797.50,0.9777,1.656138,0.0130
DQN,789,10,900,148972.50,0.9752,1.581447,0.0118
DQN,789,11,990,118482.50,0.9728,1.504547,0.0125
DQN,789,12,1080,136322.50,0.9703,3.006386,0.0148
DQN,789,13,1170,174767.50,0.9678,1.553614,0.0123
DQN,789,14,1260,84555.00,0.9654,1.540944,0.0122
DQN,789,15,1350,104605.00,0.9629,1.471798,0.0138
DQN,789,16,1440,181787.50,0.9604,1.442538,0.0147
DQN,789,17,1530,130002.50,0.9579,2.225650,0.0131
DQN,789,18,1620,162775.00,0.9555,1.669419,0.0143
DQN,789,19,1710,154075.00,0.9530,1.564704,0.0130
DQN,789,20,1800,119120.00,0.9505,1.483731,0.0135
DQN,789,21,1890,192397.50,0.9480,1.439520,0.0142
DQN,789,22,1980,111780.00,0.9456,1.421621,0.0141
DQN,789,23,2070,125912.50,0.9431,2.160889,0.0129
DQN,789,24,2160,151557.50,0.9406,1.561975,0.0130
DQN,789,25,2250,83585.00,0.9381,1.505319,0.0129
DQN,789,26,2340,90005.00,0.9356,1.448098,0.0132
DQN,789,27,2430,80212.50,0.9332,1.585822,0.0127
DQN,789,28,2520,33712.50,0.9307,1.984777,0.0124
DQN,789,29,2610,156285.00,0.9282,1.711505,0.0149
DQN,789,30,2700,151357.50,0.9257,1.512929,0.0135
DQN,789,31,2790,180572.50,0.9233,1.485572,0.0127
DQN,789,32,2880,95690.00,0.9208,1.538746,0.0130
DQN,789,33,2970,120515.00,0.9183,1.503073,0.0131
DQN,789,34,3060,112702.50,0.9159,1.972341,0.0141
DQN,789,35,3150,165477.50,0.9134,1.507180,0.0146
DQN,789,36,3240,183192.50,0.9109,1.549260,0.0120
DQN,789,37,3330,93092.50,0.9084,1.578599,0.0133
DQN,789,38,3420,122435.00,0.9060,1.558830,0.0131
DQN,789,39,3510,107522.50,0.9035,1.857153,0.0146
DQN,789,40,3600,91125.00,0.9010,1.743113,0.0121
DQN,789,41,3690,156980.00,0.8985,1.542515,0.0125
DQN,789,42,3780,140437.50,0.8961,1.572894,0.0142
DQN,789,43,3870,105840.00,0.8936,1.587282,0.0136
DQN,789,44,3960,116370.00,0.8911,1.520094,0.0133
DQN,789,45,4050,204152.50,0.8886,1.944305,0.0167
DQN,789,46,4140,147920.00,0.8861,1.649403,0.0119
DQN,789,47,4230,177220.00,0.8837,1.589294,0.0120
DQN,789,48,4320,149877.50,0.8812,1.571747,0.0140
DQN,789,49,4410,140392.50,0.8787,1.609082,0.0188
DQN,789,50,4500,156730.00,0.8762,1.645590,0.0156
DQN,1024,1,90,148332.50,0.9975,0.000000,0.0004
DQN,1024,2,180,140762.50,0.9950,0.000000,0.0004
DQN,1024,3,270,75565.00,0.9926,0.000000,0.0006
DQN,1024,4,360,130622.50,0.9901,0.000000,0.0006
DQN,1024,5,450,123907.50,0.9876,0.000000,0.0004
DQN,1024,6,540,128167.50,0.9851,3.975363,0.0060
DQN,1024,7,630,185382.50,0.9827,2.802222,0.0152
DQN,1024,8,720,111060.00,0.9802,1.780494,0.0128
DQN,1024,9,810,144952.50,0.9777,1.530596,0.0121
DQN,1024,10,900,93380.00,0.9752,1.478375,0.0128
DQN,1024,11,990,126257.50,0.9728,1.455828,0.0128
DQN,1024,12,1080,121152.50,0.9703,2.827767,0.0136
DQN,1024,13,1170,95700.00,0.9678,1.557269,0.0115
DQN,1024,14,1260,160720.00,0.9654,1.514236,0.0133
DQN,1024,15,1350,108060.00,0.9629,1.506928,0.0135
DQN,1024,16,1440,54402.50,0.9604,1.503050,0.0163
DQN,1024,17,1530,142347.50,0.9579,2.205143,0.0132
DQN,1024,18,1620,116232.50,0.9555,1.739158,0.0125
DQN,1024,19,1710,105785.00,0.9530,1.671362,0.0123
DQN,1024,20,1800,112262.50,0.9505,1.664357,0.0136
DQN,1024,21,1890,141397.50,0.9480,1.647271,0.0165
DQN,1024,22,1980,-23490.00,0.9456,1.686961,0.0133
DQN,1024,23,2070,158445.00,0.9431,2.378544,0.0135
DQN,1024,24,2160,218100.00,0.9406,1.867245,0.0129
DQN,1024,25,2250,195167.50,0.9381,1.770814,0.0133
DQN,1024,26,2340,169555.00,0.9356,1.778496,0.0123
DQN,1024,27,2430,158785.00,0.9332,1.765578,0.0147
DQN,1024,28,2520,173982.50,0.9307,2.151313,0.0140
DQN,1024,29,2610,131112.50,0.9282,2.007339,0.0123
DQN,1024,30,2700,153755.00,0.9257,1.806624,0.0128
DQN,1024,31,2790,123935.00,0.9233,1.779668,0.0137
DQN,1024,32,2880,56565.00,0.9208,1.759163,0.0151
DQN,1024,33,2970,184397.50,0.9183,1.731508,0.0149
DQN,1024,34,3060,129132.50,0.9159,2.174546,0.0129
DQN,1024,35,3150,170232.50,0.9134,1.766802,0.0130
DQN,1024,36,3240,122182.50,0.9109,1.632447,0.0129
DQN,1024,37,3330,115187.50,0.9084,1.656440,0.0126
DQN,1024,38,3420,188657.50,0.9060,1.632844,0.0148
DQN,1024,39,3510,50325.00,0.9035,1.942791,0.0144
DQN,1024,40,3600,146822.50,0.9010,1.747050,0.0138
DQN,1024,41,3690,108370.00,0.8985,1.603693,0.0120
DQN,1024,42,3780,157227.50,0.8961,1.570030,0.0129
DQN,1024,43,3870,86432.50,0.8936,1.554169,0.0141
DQN,1024,44,3960,142327.50,0.8911,1.555865,0.0132
DQN,1024,45,4050,205280.00,0.8886,1.867858,0.0145
DQN,1024,46,4140,116007.50,0.8861,1.565515,0.0138
DQN,1024,47,4230,154502.50,0.8837,1.529126,0.0128
DQN,1024,48,4320,136102.50,0.8812,1.539671,0.0128
DQN,1024,49,4410,184335.00,0.8787,1.510156,0.0149
DQN,1024,50,4500,147562.50,0.8762,1.560848,0.0134
